{"uploaded_files": {"1": {"file_id": "1Q5WWnbc9UiCDHx7I7OlcF7dojnsSN2Bg", "file_name": "1888_1_001.pdf", "checksum": "6485f48857aa18b210de190c547ba93f", "status": "synced"}, "2": {"file_id": "13Tk3_Q30X6jPJRi-Ts5uhYRSqpzlz-Kg", "file_name": "Excessive_Maritime_Claims_Fourth_Edition_----_(21.1_Evolution_of_US_Ocean_Policy).pdf", "checksum": "d481250a9f08b384162016175d27c3eb", "status": "synced"}, "3": {"file_id": "1yadDxooTSVvcAy-nrQeM9IBXcSX-c2Ki", "file_name": "Excessive_Maritime_Claims_Fourth_Edition -Chapter 10 - Navigation and Overflight in TS.pdf", "checksum": "43d68533519f4159c1491ab09790383a", "status": "synced"}, "4": {"file_id": "1JQaLk24qSua5mssdDOwwiUaOkEzxCZ0Z", "file_name": "Excessive_Maritime_Claims_Fourth_Edition - Appendices.pdf", "checksum": "48d668cad049363a3c12be69373e669d", "status": "synced"}, "5": {"file_id": "12uyjwBOXLzM6BL9Yn3dj7ms09fWFiKG7", "file_name": "Excessive_Maritime_Claims_Fourth_Edition - Future and Conclusions - Last Chapter.pdf", "checksum": "1c217bc6cb6673190b35622132d66039", "status": "synced"}, "6": {"file_id": "1TYUa7nJ707Ckp5YCpVw1wBfmVzoc9N4g", "file_name": "1899 - Goffin - Submarine Cables in Time of War.pdf", "checksum": "500d1fdfb82f1039ec92a98485bc3e57", "status": "synced"}, "7": {"file_id": "1-AT5RgnnfdputEiiI9b3lBVwXj9fZY6S", "file_name": "1882 - Renault - LA PROTECTION DES T\u00c9L\u00c9GRAPHES SOUS-MARINS.pdf", "checksum": "07f12f433ee40c949e488ef493e3592c", "status": "synced"}, "8": {"file_id": "1mXyX4DhWRHcvKRV4hp_4zo4Ko5OZYa_K", "file_name": "2002 - Bray - Innovation and the Communications RevolutionFrom the Victorian pioneers to broadband Internet.pdf", "checksum": "f73f5ae7e757a0e474d9da63b0b9eebe", "status": "synced"}, "9": {"file_id": "1Af2andMTzK6JP3bqk_-qRSFleERjvhZr", "file_name": "2009 - John N. K. Mansell - Flag State Responsibility Historical Development and Contemporary Issues by John N. K. Mansell (book).pdf", "checksum": "9266e81e0d6dfe7c59847b75e6dbb7d0", "status": "synced"}, "10": {"file_id": "1UPO5Stm-9T4SiBPEzAnS0nr98fKr1Az-", "file_name": "[WMU Studies in Maritime Affairs] Piracy at Sea Volume 2  (Mejia,, Maximo Q. Kojima, Chie Sawyer, Mark) (z-library.sk, 1lib.sk, z-lib.sk).pdf", "checksum": "59dfe9cde19ab8a68c4fc51ac3e24dae", "status": "synced"}, "11": {"file_id": "1bV-RlSG4gFYfSqI1MkI-EGrzObKOCB_a", "file_name": "[Routledge Research in Terrorism and the Law] Robin Bowley - Preventing Terrorist Attacks at Sea_ Maritime Terrorism Risk and International Law (2022, Rou.pdf", "checksum": "eb4cb503ee38f13c4003d35a8d179c07", "status": "synced"}}}